[
  {
    "file": "/Users/jeulliot/Desktop/Minishell1705/src/sys/fd_utils.c",
    "command": "/Users/jeulliot/goinfre/.brew/opt/llvm/bin/clang -Wall -Wextra -Werror -Ilibft -Iinclude -I/goinfre/jeulliot/.brew/opt/readline/include -c -o out/src/sys/fd_utils.o src/sys/fd_utils.c",
    "directory": "/Users/jeulliot/Desktop/Minishell1705"
  },
  {
    "file": "/Users/jeulliot/Desktop/Minishell1705/src/sys/fd_utils.c",
    "command": "/Users/jeulliot/goinfre/.brew/opt/llvm/bin/clang -Wall -Wextra -Werror -Ilibft -Iinclude -I/goinfre/jeulliot/.brew/opt/readline/include -c -o out/src/sys/fd_utils.o src/sys/fd_utils.c",
    "directory": "/Users/jeulliot/Desktop/Minishell1705"
  }
]